<?xml version="1.0" encoding="UTF-8" ?>
<configuration>
	<appender name="STDOUT" class="ch.qos.logback.core.ConsoleAppender">
		<encoder>
			<pattern>
				[%thread] %-5level %logger{36} - %msg%n
			</pattern>
		</encoder>
	</appender>
    <!-- Use level="DEBUG" for more detailed logging -->
	<root level="WARN">
		<appender-ref ref="STDOUT" />
	</root>
	<logger name="com.triveratravel.aop" level="INFO"/>
    <logger name="org.springframework" level="WARN"/>
    <logger name="org.hibernate.engine.jdbc" level="ERROR"/>
</configuration>
