<?xml version="1.0" encoding="UTF-8" ?>
<configuration>

	<appender name="STDOUT" class="ch.qos.logback.core.ConsoleAppender">
		<encoder>
			<pattern>
				%d{HH:mm:ss.SSS} [%thread] %-5level %logger{36} - %msg%n
			</pattern>
		</encoder>
	</appender>

    <!-- Use level="DEBUG" for more detailed logging -->
    <root level="INFO">
		<appender-ref ref="STDOUT" />
	</root>
    <logger name="org.springframework" level="WARN"/>
    <logger name="com.hotel.reservation.service.impl.pdf" level="WARN"/>
</configuration>
