<?xml version="1.0" encoding="UTF-8" ?>
<configuration>

	<appender name="STDOUT" class="ch.qos.logback.core.ConsoleAppender">

		<!-- encoders are assigned by default the type ch.qos.logback.classic.encoder.PatternLayoutEncoder -->
		<encoder>
			<pattern>
				%d{HH:mm:ss.SSS} [%thread] %-5level %logger{36} - %msg%n
			</pattern>
		</encoder>
	</appender>

    <!-- Use level="DEBUG" for more detailed logging -->
	<root level="INFO">
		<appender-ref ref="STDOUT" />
	</root>

</configuration>
