<?xml version="1.0" encoding="UTF-8"?>
<beans xmlns="http://www.springframework.org/schema/beans"
       xmlns:xsi="http://www.w3.org/2001/XMLSchema-instance"
       xmlns:context="http://www.springframework.org/schema/context"
       xmlns:tx="http://www.springframework.org/schema/tx"
       xmlns:aop="http://www.springframework.org/schema/aop"
       xsi:schemaLocation="http://www.springframework.org/schema/beans
           http://www.springframework.org/schema/beans/spring-beans-2.5.xsd
           http://www.springframework.org/schema/tx
           http://www.springframework.org/schema/tx/spring-tx-2.5.xsd
           http://www.springframework.org/schema/context
           http://www.springframework.org/schema/context/spring-context-2.5.xsd
           http://www.springframework.org/schema/aop
           http://www.springframework.org/schema/aop/spring-aop-2.5.xsd">

    <context:annotation-config/>
    <tx:annotation-driven transaction-manager="txManager"/>

    <aop:config>
        <aop:aspect id="cardInterceptor" ref="invalidCardInterceptor">
            <aop:after-throwing pointcut="execution(* registerMember(..))" method="logInvalidCard" throwing="invalidCardException"/>
        </aop:aspect>
    </aop:config>

    <bean name="invalidCardInterceptor" class="aop.advices.InvalidCardInterceptor"/>

    <bean name="registrationService" class="aop.service.RegistrationServiceImpl">
        <property name="memberDAO" ref="memberDAO"/>
        <property name="paymentDAO" ref="paymentDAO"/>
        <property name="creditcardService">
            <bean class="aop.service.creditcard.CreditCardServiceImpl"/>
        </property>
    </bean>

    <bean name="memberDAO" class="aop.dao.impl.MemberDAOImpl"/>
    <bean name="paymentDAO" class="aop.dao.impl.PaymentDAOImpl"/>

    <bean id="txManager" class="org.springframework.jdbc.datasource.DataSourceTransactionManager">
       <property name="dataSource" ref="datasource"/>
    </bean>

    <bean id="datasource" class="org.springframework.jdbc.datasource.DriverManagerDataSource">
        <property name="driverClassName" value="com.mysql.jdbc.Driver"/>
        <property name="url" value="jdbc:mysql://localhost/springclass"/>
        <property name="username" value="root"/>
        <property name="password" value="masterkey"/>
    </bean>

</beans>
